station_id,station_name,location,lat1,lon1,coord1_name,lat2,lon2,coord2_name,distance_diff,temperature,humidity,observation_time
466940,基隆,基隆市仁愛區,25.135104,121.732242,TWD67,25.133314,121.740475,WGS84,852.3523554148694,15.8,84.0,2026-03-03T16:10:00+08:00
466900,淡水,新北市淡水區,25.166664,121.440672,TWD67,25.164889,121.448906,WGS84,851.8537871194768,15.5,87.0,2026-03-03T16:10:00+08:00
466881,新北,新北市新店區,24.96099,121.516977,TWD67,24.959207,121.525196,WGS84,851.9437739349999,15.3,95.0,2026-03-03T16:10:00+08:00
466930,陽明山,臺北市北投區,25.163858,121.536313,TWD67,25.162078,121.544547,WGS84,852.0013372024952,11.1,95.0,2026-03-03T16:10:00+08:00
466910,鞍部,臺北市北投區,25.184365,121.521495,TWD67,25.182586,121.529731,WGS84,852.0356815101695,9.5,100.0,2026-03-03T16:10:00+08:00
467571,新竹,新竹縣竹北市,24.830335,121.006343,TWD67,24.828575,121.01445,WGS84,841.209428695492,16.9,80.0,2026-03-03T16:10:00+08:00
467490,臺中,臺中市北區,24.147494,120.675919,TWD67,24.145736,120.684075,WGS84,850.3274555499648,19.4,76.0,2026-03-03T16:10:00+08:00
C0FA30,梧棲,臺中市梧棲區,24.257753,120.515211,TWD67,24.256003,120.523381,WGS84,850.8085300725834,18.0,81.0,2026-03-03T16:10:00+08:00
467350,澎湖,澎湖縣馬公市,23.56722,119.554987,TWD67,23.565503,119.563094,WGS84,848.0442974936878,19.7,79.0,2026-03-03T16:10:00+08:00
467650,日月潭,南投縣魚池鄉,23.883099,120.899911,TWD67,23.881325,120.90805,WGS84,850.7136352128182,17.3,100.0,2026-03-03T16:10:00+08:00
467530,阿里山,嘉義縣阿里山鄉,23.509984,120.805129,TWD67,23.508208,120.813242,WGS84,850.4903385061705,10.2,100.0,2026-03-03T16:10:00+08:00
467550,玉山,南投縣信義鄉,23.488964,120.951318,TWD67,23.48718,120.95943,WGS84,850.7265115473491,3.8,99.0,2026-03-03T16:10:00+08:00
467480,嘉義,嘉義市西區,23.497684,120.424796,TWD67,23.495925,120.432906,WGS84,849.8307934754823,18.9,87.0,2026-03-03T16:10:00+08:00
467410,臺南,臺南市中西區,22.995039,120.196846,TWD67,22.99328,120.20492,WGS84,849.2832813548683,21.1,80.0,2026-03-03T16:10:00+08:00
467441,高雄,高雄市楠梓區,22.732201,120.304459,TWD67,22.730432,120.312516,WGS84,849.400631750005,24.4,79.0,2026-03-03T16:10:00+08:00
467590,恆春,屏東縣恆春鎮,22.0057,120.738326,TWD67,22.003897,120.746339,WGS84,850.0770576443252,23.0,70.0,2026-03-03T16:10:00+08:00
467080,宜蘭,宜蘭縣宜蘭市,24.765773,121.748322,TWD67,24.763975,121.756528,WGS84,852.3302143606337,16.1,92.0,2026-03-03T16:10:00+08:00
466990,花蓮,花蓮縣花蓮市,23.976933,121.605126,TWD67,23.975128,121.613275,WGS84,851.9227706773715,18.7,80.0,2026-03-03T16:10:00+08:00
467610,成功,臺東縣成功鎮,23.099296,121.36534,TWD67,23.097486,121.373428,WGS84,851.3772872551141,19.5,82.0,2026-03-03T16:10:00+08:00
467660,臺東,臺東縣臺東市,22.754017,121.146522,TWD67,22.752211,121.154586,WGS84,850.9322844335554,20.9,78.0,2026-03-03T16:10:00+08:00
467540,大武,臺東縣大武鄉,22.357523,120.895703,TWD67,22.35572,120.90374,WGS84,850.4682629547461,21.3,75.0,2026-03-03T16:10:00+08:00
467620,蘭嶼,臺東縣蘭嶼鄉,22.038737,121.55041,TWD67,22.0369,121.55843,WGS84,851.490126211903,18.5,99.0,2026-03-03T16:10:00+08:00
466950,彭佳嶼,基隆市中正區,25.629774,122.071474,TWD67,25.627975,122.079744,WGS84,852.8991888545593,15.1,83.0,2026-03-03T16:10:00+08:00
467300,東吉島,澎湖縣望安鄉,23.258999,119.659533,TWD67,23.25727,119.66762,WGS84,848.2324485784911,20.3,82.0,2026-03-03T16:10:00+08:00
469020,南沙島,高雄市旗津區,10.372116,114.356938,TWD67,10.370203,114.364286,WGS84,831.3843918843988,31.2,71.0,2026-03-03T16:10:00+08:00
468100,東沙島,高雄市旗津區,20.70252,116.722116,TWD67,20.700856,116.73,WGS84,840.6727012412719,23.7,87.0,2026-03-03T16:10:00+08:00
467420,永康,臺南市永康區,23.040146,120.228623,TWD67,23.038386,120.2367,WGS84,849.3386951771465,20.7,82.0,2026-03-03T16:10:00+08:00
C2W030,金門(東),金門縣金湖鎮,24.450074,118.443627,TWD67,24.448431,118.451786,WGS84,845.8509901249137,15.0,75.0,2026-03-03T16:10:00+08:00
466920,臺北,臺北市中正區,25.039439,121.506628,TWD67,25.037658,121.514853,WGS84,851.9656222867266,16.0,87.0,2026-03-03T16:10:00+08:00
A0G720,彰師大,彰化縣彰化市,24.08314,120.548508,TWD67,24.081389,120.556667,WGS84,850.8504144508057,19.2,81.0,2026-03-03T16:10:00+08:00
A0Z080,合歡山,花蓮縣秀林鄉,24.144972,121.276071,TWD67,24.143186,121.284231,WGS84,851.4592358312224,-99.0,-99.0,2026-03-03T16:10:00+08:00
A0W080,吉貝,澎湖縣白沙鄉,23.741712,119.596041,TWD67,23.740011,119.604189,WGS84,850.6400504939132,-99.0,-99.0,2026-03-03T16:10:00+08:00
467110,金門,金門縣金城鎮,24.408942,118.281127,TWD67,24.407306,118.289281,WGS84,845.4518065997221,15.0,75.0,2026-03-03T16:10:00+08:00
467990,馬祖,連江縣南竿鄉,26.171145,119.914855,TWD67,26.169467,119.923158,WGS84,849.3540611967667,11.9,82.0,2026-03-03T16:10:00+08:00
A0K420,麥寮,雲林縣麥寮鄉,23.800517,120.209572,TWD67,23.798783,120.217717,WGS84,850.8012328011442,18.8,81.0,2026-03-03T16:10:00+08:00
467050,新屋,桃園市新屋區,25.008484,121.039271,TWD67,25.006725,121.047492,WGS84,851.2113507831027,16.4,83.0,2026-03-03T16:10:00+08:00
A2K570,古坑(花卉中心),雲林縣古坑鄉,23.6353,120.54428,TWD67,23.63353,120.55239,WGS84,849.2707708740081,18.2,93.0,2026-03-03T16:10:00+08:00
CAAH60,大安森林,臺北市大安區,25.031331,121.528056,TWD67,25.02955,121.53628,WGS84,851.9208972840465,15.0,91.0,2026-03-03T16:10:00+08:00
CAHA00,消防署訓練中心,南投縣竹山鎮,23.82313,120.7148,TWD67,23.82137,120.72293,WGS84,849.8358252344665,18.1,92.0,2026-03-03T16:10:00+08:00
467270,田中,彰化縣田中鎮,23.875561,120.573149,TWD67,23.873803,120.581286,WGS84,850.1518061997983,17.6,92.0,2026-03-03T16:10:00+08:00
CAC040,拉拉山,桃園市復興區,24.7011,121.418933,TWD67,24.699317,121.427133,WGS84,851.7700666754625,11.5,95.0,2026-03-03T16:10:00+08:00
CAW010,東引,連江縣東引鄉,26.360539,120.475308,TWD67,26.358836,120.483631,WGS84,850.5951777642144,12.4,74.0,2026-03-03T16:10:00+08:00
CAP070,高雄燈塔,高雄市旗津區,22.616364,120.256631,TWD67,22.614594,120.26468,WGS84,849.3067843007722,24.3,82.0,2026-03-03T16:10:00+08:00
A0F010,武陵,臺中市和平區,24.354609,121.300112,TWD67,24.352825,121.308286,WGS84,851.460614994119,14.8,89.0,2026-03-03T16:10:00+08:00
467280,後龍,苗栗縣造橋鄉,24.650318,120.823641,TWD67,24.648563,120.831834,WGS84,850.6904640792253,17.5,77.0,2026-03-03T16:10:00+08:00
467290,古坑,雲林縣古坑鄉,23.635401,120.543769,TWD67,23.633639,120.551889,WGS84,850.0556362595923,18.1,93.0,2026-03-03T16:10:00+08:00
C2C410,中央大學,桃園市中壢區,24.969417,121.176946,TWD67,24.967652,121.185165,WGS84,851.4249542247371,15.5,86.0,2026-03-03T16:10:00+08:00
A0A460,文化大學,臺北市士林區,25.137855,121.531657,TWD67,25.13605,121.53987,WGS84,850.7686997466184,12.7,92.0,2026-03-03T16:10:00+08:00
A0A010,臺灣大學,臺北市大安區,25.01606,121.531193,TWD67,25.014278,121.539416,WGS84,851.9490212218159,15.4,87.0,2026-03-03T16:10:00+08:00
72S200,班鳩分場,臺東縣卑南鄉,22.831307,121.069619,TWD67,22.829528,121.077694,WGS84,850.8693667530583,18.7,81.0,2026-03-03T16:10:00+08:00
72S590,賓朗果園,臺東縣卑南鄉,22.815668,121.063204,TWD67,22.813889,121.071278,WGS84,850.8621377568106,18.2,-99.0,2026-03-03T16:10:00+08:00
82S580,臺東茶改,臺東縣鹿野鄉,22.909476,121.12206,TWD67,22.907694,121.130139,WGS84,850.8824353182507,19.6,82.0,2026-03-03T16:10:00+08:00
U2H480,臺大溪頭,南投縣鹿谷鄉,23.672071,120.790065,TWD67,23.670306,120.798194,WGS84,850.7988306267989,18.1,99.0,2026-03-03T16:10:00+08:00
72G600,臺中農改,彰化縣大村鄉,24.004779,120.526236,TWD67,24.003028,120.534389,WGS84,850.7492296533269,18.3,84.0,2026-03-03T16:10:00+08:00
72K220,雲林分場,雲林縣斗南鎮,23.636304,120.469202,TWD67,23.634556,120.477333,WGS84,850.7834543812099,19.2,87.0,2026-03-03T16:10:00+08:00
72N100,臺南農改,臺南市新化區,23.062242,120.334096,TWD67,23.0605,120.342194,WGS84,850.8395849864362,20.2,90.0,2026-03-03T16:10:00+08:00
72V140,旗南農改,高雄市旗山區,22.859612,120.508583,TWD67,22.857861,120.516667,WGS84,850.8808740033433,23.7,88.0,2026-03-03T16:10:00+08:00
72Q010,高雄農改,屏東縣長治鄉,22.711084,120.517814,TWD67,22.709333,120.525889,WGS84,850.8606736503068,25.8,74.0,2026-03-03T16:10:00+08:00
B2E890,新竹畜試,苗栗縣西湖鄉,24.529569,120.762788,TWD67,24.527806,120.770972,WGS84,850.7864579767321,17.2,74.0,2026-03-03T16:10:00+08:00
72C440,桃園農改,桃園市新屋區,24.952721,121.022375,TWD67,24.950944,121.030583,WGS84,850.764179514644,16.7,80.0,2026-03-03T16:10:00+08:00
72D080,五峰站,新竹縣五峰鄉,24.613978,121.148983,TWD67,24.612194,121.157167,WGS84,850.7854920121902,12.6,99.0,2026-03-03T16:10:00+08:00
82C160,茶改場,桃園市楊梅區,24.910258,121.17713,TWD67,24.908472,121.185333,WGS84,850.7841123479435,15.4,78.0,2026-03-03T16:10:00+08:00
A2C560,農工中心,桃園市中壢區,24.987706,121.231626,TWD67,24.985917,121.239833,WGS84,850.748387583942,15.9,82.0,2026-03-03T16:10:00+08:00
82A750,文山茶改,新北市石碇區,24.957588,121.623022,TWD67,24.955778,121.631222,WGS84,850.8085942626332,12.7,97.0,2026-03-03T16:10:00+08:00
72U480,蘭陽分場,宜蘭縣三星鄉,24.688121,121.708402,TWD67,24.686306,121.716583,WGS84,850.8243137442842,16.0,91.0,2026-03-03T16:10:00+08:00
K2E360,苗栗農改,苗栗縣公館鄉,24.497488,120.82093,TWD67,24.495722,120.829111,WGS84,850.7737280923102,16.3,81.0,2026-03-03T16:10:00+08:00
K2E710,大湖分場,苗栗縣大湖鄉,24.42463,120.863657,TWD67,24.422861,120.871833,WGS84,850.8242837461331,14.8,91.0,2026-03-03T16:10:00+08:00
K2F750,種苗繁殖,臺中市新社區,24.227737,120.792753,TWD67,24.225972,120.800917,WGS84,850.7897344089678,15.6,92.0,2026-03-03T16:10:00+08:00
82H840,凍頂茶改,南投縣鹿谷鄉,23.76429,120.732364,TWD67,23.762528,120.7405,WGS84,850.8457090409512,16.0,99.0,2026-03-03T16:10:00+08:00
82H320,魚池茶改,南投縣魚池鄉,23.877382,120.905442,TWD67,23.875611,120.913583,WGS84,850.8697353023955,16.7,99.0,2026-03-03T16:10:00+08:00
U2HA50,臺大竹山,南投縣竹山鎮,23.758731,120.67342,TWD67,23.756972,120.681556,WGS84,850.8033653006235,-99.0,-99.0,2026-03-03T16:10:00+08:00
G2L020,嘉義農試,嘉義市東區,23.486776,120.465684,TWD67,23.485028,120.473806,WGS84,850.8080930103483,18.1,87.0,2026-03-03T16:10:00+08:00
72M360,義竹分場,嘉義縣義竹鄉,23.362432,120.271244,TWD67,23.360694,120.279361,WGS84,850.8164454300314,19.6,80.0,2026-03-03T16:10:00+08:00
B2N890,畜試所,臺南市新化區,23.060713,120.328308,TWD67,23.058972,120.336406,WGS84,850.8234399541055,19.9,91.0,2026-03-03T16:10:00+08:00
G2P820,鳳山農試,高雄市鳳山區,22.648354,120.34801,TWD67,22.646611,120.356083,WGS84,850.8267554582235,25.1,74.0,2026-03-03T16:10:00+08:00
B2Q810,恆春畜試,屏東縣恆春鎮,21.947348,120.794139,TWD67,21.945583,120.802167,WGS84,850.9259969833821,22.1,71.0,2026-03-03T16:10:00+08:00
72T250,花蓮農改,花蓮縣吉安鄉,23.977028,121.555752,TWD67,23.975222,121.563889,WGS84,850.763581967284,17.6,90.0,2026-03-03T16:10:00+08:00
E2H360,蓮華池,南投縣魚池鄉,23.920106,120.877136,TWD67,23.918333,120.885278,WGS84,850.7541075933781,18.6,98.0,2026-03-03T16:10:00+08:00
72HA00,埔里分場,南投縣魚池鄉,23.904982,120.955222,TWD67,23.903208,120.963364,WGS84,850.8741107892265,19.0,99.0,2026-03-03T16:10:00+08:00
U2HA30,臺大和社,南投縣信義鄉,23.592633,120.880744,TWD67,23.590856,120.888864,WGS84,850.704240523331,18.3,99.0,2026-03-03T16:10:00+08:00
U2HA40,臺大內茅埔,南投縣信義鄉,23.691497,120.842992,TWD67,23.689722,120.851117,WGS84,850.5401311785301,16.7,99.0,2026-03-03T16:10:00+08:00
G2M350,溪口農場,嘉義縣溪口鄉,23.587406,120.399994,TWD67,23.58565,120.408111,WGS84,849.899376887914,18.8,84.0,2026-03-03T16:10:00+08:00
E2K600,四湖植物園,雲林縣四湖鄉,23.678718,120.155296,TWD67,23.676986,120.163433,WGS84,850.7122691109108,18.7,98.0,2026-03-03T16:10:00+08:00
G2F820,農業試驗所,臺中市霧峰區,24.033022,120.679986,TWD67,24.031261,120.688133,WGS84,850.2344518788458,18.0,88.0,2026-03-03T16:10:00+08:00
72M700,嘉義分場,嘉義縣鹿草鄉,23.418608,120.274941,TWD67,23.416869,120.283061,WGS84,850.797701896699,19.0,86.0,2026-03-03T16:10:00+08:00
72N240,七股研究中心,臺南市七股區,23.083472,120.054792,TWD67,23.081672,120.062894,WGS84,852.6017740221467,20.2,83.0,2026-03-03T16:10:00+08:00
42HA10,萬大發電廠,南投縣仁愛鄉,23.980611,121.131497,TWD67,23.978875,121.139639,WGS84,849.4320692340671,17.5,94.0,2026-03-03T16:10:00+08:00
12Q970,東港工作站,屏東縣東港鎮,22.481778,120.458017,TWD67,22.479997,120.466058,WGS84,849.5757378250089,25.6,74.0,2026-03-03T16:10:00+08:00
12J990,口湖工作站,雲林縣口湖鄉,23.591722,120.172281,TWD67,23.589978,120.180394,WGS84,849.1704469964561,18.2,86.0,2026-03-03T16:10:00+08:00
12Q980,恆春工作站,屏東縣車城鄉,22.081478,120.706406,TWD67,22.079678,120.714425,WGS84,850.1694685416738,22.4,70.0,2026-03-03T16:10:00+08:00
V2K610,大庄合作社,雲林縣二崙鄉,23.80855,120.359808,TWD67,23.8068,120.367939,WGS84,849.7698681505622,17.5,88.0,2026-03-03T16:10:00+08:00
V2K620,麥寮合作社,雲林縣麥寮鄉,23.755583,120.286657,TWD67,23.753836,120.294783,WGS84,849.526251973715,-99.0,-99.0,2026-03-03T16:10:00+08:00
E2S980,太麻里(1),臺東縣太麻里鄉,22.600724,120.971991,TWD67,22.598922,120.980044,WGS84,850.6288331440398,20.3,81.0,2026-03-03T16:10:00+08:00
E2S960,太麻里(2),臺東縣太麻里鄉,22.599802,120.9897,TWD67,22.598,120.99775,WGS84,850.334912647921,21.1,79.0,2026-03-03T16:10:00+08:00
72AI40,桃改臺北,新北市樹林區,24.946279,121.378755,TWD67,24.944503,121.386972,WGS84,851.6630968024609,15.3,84.0,2026-03-03T16:10:00+08:00
E2HA20,畢祿溪站,南投縣仁愛鄉,24.22873,121.300362,TWD67,24.226944,121.308522,WGS84,850.930802786553,11.6,99.0,2026-03-03T16:10:00+08:00
A2N290,蘭花園區,臺南市後壁區,23.342018,120.371562,TWD67,23.340258,120.379661,WGS84,849.7111436985796,19.8,85.0,2026-03-03T16:10:00+08:00
B2U990,宜蘭畜試,宜蘭縣五結鄉,24.670842,121.824362,TWD67,24.669039,121.832561,WGS84,852.3877621073287,16.3,99.0,2026-03-03T16:10:00+08:00
A2K630,雲林臺大,雲林縣虎尾鎮,23.732381,120.415777,TWD67,23.730628,120.423903,WGS84,849.8224745093192,16.6,99.0,2026-03-03T16:10:00+08:00
E2P980,六龜林試,高雄市六龜區,22.993482,120.637645,TWD67,22.991703,120.645722,WGS84,850.10618445155,22.5,98.0,2026-03-03T16:10:00+08:00
E2P990,扇平林試,高雄市茂林區,22.969481,120.677627,TWD67,22.9677,120.685703,WGS84,850.2012470092573,-99.0,-99.0,2026-03-03T16:10:00+08:00
A2K360,臺西水試,雲林縣臺西鄉,23.718974,120.182399,TWD67,23.717231,120.190522,WGS84,849.3535554731598,-99.0,-99.0,2026-03-03T16:10:00+08:00
V2C250,八德合作社,桃園市八德區,24.939471,121.258178,TWD67,24.93775,121.266389,WGS84,849.720801416137,-99.0,-99.0,2026-03-03T16:10:00+08:00
V2C260,八德蔬果,桃園市八德區,24.980279,121.27356,TWD67,24.978508,121.281819,WGS84,855.4307979806497,16.1,76.0,2026-03-03T16:10:00+08:00
72D680,新埔工作站,新竹縣新埔鎮,24.836,121.058,TWD67,24.834444,121.066111,WGS84,836.5808648947745,17.0,72.0,2026-03-03T16:10:00+08:00
G2AI50,台農院關渡站,臺北市北投區,25.117528,121.483769,TWD67,25.11575,121.492,WGS84,851.9618321427552,17.2,68.0,2026-03-03T16:10:00+08:00
CAH030,茶改場竹圍站,南投縣名間鄉,23.861844,120.629392,TWD67,23.86008,120.6375,WGS84,847.5215153175317,16.5,95.0,2026-03-03T16:10:00+08:00
CAN130,水試所海水繁養殖中心,臺南市七股區,23.122553,120.071594,TWD67,23.120802,120.079676,WGS84,849.113424288264,19.9,85.0,2026-03-03T16:10:00+08:00
CAL110,布袋國中,嘉義縣布袋鎮,23.360676,120.17216,TWD67,23.35893,120.18026,WGS84,849.3401296734135,18.8,84.0,2026-03-03T16:10:00+08:00
CAG100,王功漁港,彰化縣芳苑鄉,23.969984,120.317718,TWD67,23.96824,120.32586,WGS84,849.7011193703283,-99.0,-99.0,2026-03-03T16:10:00+08:00
CAJ050,海口故事園區,雲林縣口湖鄉,23.577174,120.133097,TWD67,23.57543,120.14121,WGS84,849.2596688756734,-99.0,-99.0,2026-03-03T16:10:00+08:00
CAN140,六官養殖協會,臺南市六甲區,23.230568,120.29153,TWD67,23.22881,120.29962,WGS84,849.438905195758,19.8,80.0,2026-03-03T16:10:00+08:00
CAQ030,崎峰國小,屏東縣林邊鄉,22.427434,120.487171,TWD67,22.42565,120.49521,WGS84,849.7686311126214,-99.0,-99.0,2026-03-03T16:10:00+08:00
C2M960,外寮,嘉義縣梅山鄉,23.564411,120.657572,TWD67,23.562643,120.665688,WGS84,850.2487491651997,17.3,96.0,2026-03-03T16:10:00+08:00
C2M970,碧湖,嘉義縣梅山鄉,23.570397,120.616047,TWD67,23.568632,120.624165,WGS84,850.3333254554044,17.7,100.0,2026-03-03T16:10:00+08:00
C2R170,屏東,屏東縣屏東市,22.662048,120.485974,TWD67,22.660269,120.494027,WGS84,849.6713084061535,26.0,75.0,2026-03-03T16:10:00+08:00
C2V310,美濃,高雄市美濃區,22.900567,120.511,TWD67,22.898792,120.51907,WGS84,849.8576664724972,24.0,86.0,2026-03-03T16:10:00+08:00
C2M980,安和,嘉義縣新港鄉,23.515523,120.30782,TWD67,23.51377,120.31593,WGS84,849.5684752458131,18.0,88.0,2026-03-03T16:10:00+08:00
C2M990,大巃頂,嘉義縣梅山鄉,23.556466,120.606275,TWD67,23.5547,120.61439,WGS84,850.1468433776736,17.0,100.0,2026-03-03T16:10:00+08:00
C2N170,茅港尾,臺南市下營區,23.207857,120.254311,TWD67,23.2061,120.2624,WGS84,849.4506666790205,20.8,80.0,2026-03-03T16:10:00+08:00
C2R980,竹田國中,屏東縣竹田鄉,22.617101,120.516069,TWD67,22.61532,120.52412,WGS84,849.786425692544,26.3,73.0,2026-03-03T16:10:00+08:00
C2R990,泰武,屏東縣泰武鄉,22.608649,120.689598,TWD67,22.60686,120.69765,WGS84,850.1433622545494,19.8,90.0,2026-03-03T16:10:00+08:00
C2TA60,六十石,花蓮縣富里鄉,23.226575,121.310513,TWD67,23.22477,121.31861,WGS84,851.3760773878979,12.8,100.0,2026-03-03T16:10:00+08:00
C2TA70,赤科坪,花蓮縣玉里鎮,23.400655,121.383571,TWD67,23.39885,121.39168,WGS84,851.5141048186346,13.0,100.0,2026-03-03T16:10:00+08:00
C2UC10,出水溪,宜蘭縣大同鄉,24.617617,121.644058,TWD67,24.615822,121.652253,WGS84,852.1291525649658,12.3,99.0,2026-03-03T16:10:00+08:00
C2UC20,長嶺,宜蘭縣員山鄉,24.710732,121.603419,TWD67,24.70894,121.61162,WGS84,852.0395151619917,12.8,99.0,2026-03-03T16:10:00+08:00
C2E980,和興,苗栗縣獅潭鄉,24.507081,120.914833,TWD67,24.505319,120.923016,WGS84,850.8066141957494,12.5,99.0,2026-03-03T16:10:00+08:00
C2E990,新坪頂,苗栗縣卓蘭鎮,24.303773,120.849231,TWD67,24.30201,120.8574,WGS84,850.7497632611406,14.0,97.0,2026-03-03T16:10:00+08:00
C2H9Y0,松茗,南投縣名間鄉,23.818463,120.642632,TWD67,23.8167,120.650765,WGS84,850.23860251328,16.6,98.0,2026-03-03T16:10:00+08:00
C2RA10,大新,屏東縣內埔鄉,22.677362,120.569824,TWD67,22.67558,120.57788,WGS84,849.9586579052224,25.8,73.0,2026-03-03T16:10:00+08:00
C2TA90,加納納,花蓮縣瑞穗鄉,23.468223,121.351754,TWD67,23.466421,121.359867,WGS84,851.4210653623842,17.5,90.0,2026-03-03T16:10:00+08:00
C2TB30,吉安,花蓮縣吉安鄉,23.947182,121.539883,TWD67,23.94538,121.54803,WGS84,851.8324081754536,17.0,93.0,2026-03-03T16:10:00+08:00
C2K290,崙內,雲林縣土庫鎮,23.697001,120.347887,TWD67,23.69525,120.35601,WGS84,849.6925736055662,17.4,91.0,2026-03-03T16:10:00+08:00
C2K300,鹿南,雲林縣元長鄉,23.640303,120.355481,TWD67,23.63855,120.3636,WGS84,849.6962128920011,17.9,91.0,2026-03-03T16:10:00+08:00
C2K250,崙背,雲林縣崙背鄉,23.757278,120.310803,TWD67,23.75553,120.31893,WGS84,849.6402798066262,17.3,94.0,2026-03-03T16:10:00+08:00
C2K280,四湖,雲林縣四湖鄉,23.632147,120.219053,TWD67,23.6304,120.22717,WGS84,849.3952050405417,18.2,88.0,2026-03-03T16:10:00+08:00
C2X060,下營,臺南市下營區,23.228563,120.248201,TWD67,23.226806,120.256291,WGS84,849.425402520835,20.5,81.0,2026-03-03T16:10:00+08:00
C2S9B0,利吉,臺東縣卑南鄉,22.864264,121.146788,TWD67,22.86246,121.15486,WGS84,851.0264096338941,20.0,82.0,2026-03-03T16:10:00+08:00
C2S9A0,北份子寮,臺東縣卑南鄉,22.787412,121.070064,TWD67,22.78561,121.07813,WGS84,850.8300977519125,21.1,75.0,2026-03-03T16:10:00+08:00
C2SD50,順那,臺東縣東河鄉,23.043467,121.285235,TWD67,23.04166,121.29332,WGS84,851.3338809044598,19.1,86.0,2026-03-03T16:10:00+08:00
C2SD70,二層坪,臺東縣鹿野鄉,22.942853,121.160303,TWD67,22.94105,121.16838,WGS84,851.032159270001,19.3,82.0,2026-03-03T16:10:00+08:00
C2SD60,明峰,臺東縣卑南鄉,22.868903,121.110178,TWD67,22.8671,121.11825,WGS84,850.9727602334904,18.5,84.0,2026-03-03T16:10:00+08:00
C2SD80,再來山,臺東縣長濱鄉,23.345518,121.433115,TWD67,23.34371,121.44122,WGS84,851.5304686824227,18.5,78.0,2026-03-03T16:10:00+08:00
C2TB80,庄子底,花蓮縣鳳林鎮,23.719744,121.486249,TWD67,23.71794,121.49438,WGS84,851.7138899004659,17.5,94.0,2026-03-03T16:10:00+08:00
C2TB90,長橋,花蓮縣鳳林鎮,23.689203,121.453731,TWD67,23.6874,121.46186,WGS84,851.6780719477524,17.3,94.0,2026-03-03T16:10:00+08:00
C2TB50,麻汝,花蓮縣玉里鎮,23.427345,121.38547,TWD67,23.42554,121.39358,WGS84,851.4510606930178,17.4,83.0,2026-03-03T16:10:00+08:00
C2TB70,達谷寮,花蓮縣玉里鎮,23.381804,121.351573,TWD67,23.38,121.35968,WGS84,851.4039746704973,18.5,85.0,2026-03-03T16:10:00+08:00
C2TB60,南安,花蓮縣卓溪鄉,23.299981,121.253469,TWD67,23.29818,121.26157,WGS84,851.2255843828882,18.4,84.0,2026-03-03T16:10:00+08:00
C2H9X0,福盛,南投縣中寮鄉,23.8953,120.83263,TWD67,23.89353,120.84077,WGS84,850.6335796951744,-99.0,-99.0,2026-03-03T16:10:00+08:00
C2G9C0,埔南,彰化縣埔鹽鄉,23.992991,120.461546,TWD67,23.99124,120.46969,WGS84,849.9330708885955,18.6,76.0,2026-03-03T16:10:00+08:00
C2G9E0,移民庄,彰化縣二林鎮,23.980148,120.394687,TWD67,23.9784,120.40283,WGS84,849.8381295258206,18.9,74.0,2026-03-03T16:10:00+08:00
C2K310,港尾布雞,雲林縣崙背鄉,23.750092,120.376263,TWD67,23.74834,120.38439,WGS84,849.7865890755262,17.0,92.0,2026-03-03T16:10:00+08:00
C2M9A0,大華,嘉義縣竹崎鄉,23.484171,120.6668,TWD67,23.4824,120.67491,WGS84,850.2213933442416,18.1,96.0,2026-03-03T16:10:00+08:00
C2M9D0,何竹子腳,嘉義縣民雄鄉,23.538166,120.373918,TWD67,23.53641,120.38203,WGS84,849.7050661402623,-99.0,-99.0,2026-03-03T16:10:00+08:00
C2M9C0,紫雲,嘉義縣竹崎鄉,23.496678,120.532142,TWD67,23.494914,120.540253,WGS84,850.0643064737437,17.9,95.0,2026-03-03T16:10:00+08:00
C2M9E0,旺來山,嘉義縣民雄鄉,23.556913,120.478349,TWD67,23.555153,120.486463,WGS84,849.891039415514,18.1,90.0,2026-03-03T16:10:00+08:00
C2M9B0,西興,嘉義縣大埔鄉,23.244571,120.568077,TWD67,23.2428,120.57617,WGS84,849.9865578671606,20.5,97.0,2026-03-03T16:10:00+08:00
C2N190,烏樹,臺南市後壁區,23.32569,120.361793,TWD67,23.32393,120.36989,WGS84,849.6113353962486,19.6,87.0,2026-03-03T16:10:00+08:00
C2N180,鹿陶洋,臺南市楠西區,23.145019,120.475434,TWD67,23.14325,120.48352,WGS84,849.8378570195481,21.6,88.0,2026-03-03T16:10:00+08:00
C2V920,匏子寮,高雄市甲仙區,23.050824,120.54511,TWD67,23.04905,120.55319,WGS84,849.9336240740025,22.6,91.0,2026-03-03T16:10:00+08:00
C2V580,瑞山,高雄市內門區,22.904811,120.42617,TWD67,22.90304,120.43424,WGS84,849.7293071241653,21.4,93.0,2026-03-03T16:10:00+08:00
C2R9A0,高士國小,屏東縣牡丹鄉,22.127335,120.838508,TWD67,22.12553,120.84653,WGS84,850.3398839330788,20.3,85.0,2026-03-03T16:10:00+08:00
C2M530,奮起湖,嘉義縣竹崎鄉,23.495674,120.691142,TWD67,23.493903,120.699253,WGS84,850.2503980110102,15.8,99.0,2026-03-03T16:10:00+08:00
C2M810,里佳,嘉義縣阿里山鄉,23.390899,120.708543,TWD67,23.389125,120.716647,WGS84,850.2710467928467,15.9,99.0,2026-03-03T16:10:00+08:00
C2C590,觀音,桃園市觀音區,25.028835,121.145094,TWD67,25.027072,121.153317,WGS84,851.3761459767394,15.8,84.0,2026-03-03T16:10:00+08:00
C2E420,竹南,苗栗縣竹南鎮,24.710737,120.880772,TWD67,24.70898,120.88897,WGS84,850.8426773490933,17.4,77.0,2026-03-03T16:10:00+08:00
C2E430,南庄,苗栗縣南庄鄉,24.603539,120.992023,TWD67,24.601775,121.000214,WGS84,851.0254576038288,15.2,89.0,2026-03-03T16:10:00+08:00
C2W230,畜試所澎湖,澎湖縣西嶼鄉,23.630055,119.505094,TWD67,23.628342,119.513206,WGS84,848.0549666560314,18.8,83.0,2026-03-03T16:10:00+08:00
C2E880,三義,苗栗縣三義鄉,24.407236,120.741644,TWD67,24.405478,120.749819,WGS84,850.5547794920992,12.9,100.0,2026-03-03T16:10:00+08:00
C2FA00,烏石坑,臺中市和平區,24.275269,120.939447,TWD67,24.273503,120.947617,WGS84,851.1061926809622,16.5,99.0,2026-03-03T16:10:00+08:00
C2F9A0,中竹林,臺中市太平區,24.105556,120.743333,TWD67,24.103556,120.751061,WGS84,815.3005251556453,16.6,99.0,2026-03-03T16:10:00+08:00
C2G840,北斗,彰化縣北斗鎮,23.879222,120.506528,TWD67,23.877586,120.514222,WGS84,803.1782296981332,16.9,97.0,2026-03-03T16:10:00+08:00
C2H950,中寮,南投縣中寮鄉,23.886278,120.758528,TWD67,23.884447,120.766406,WGS84,826.4424404375982,17.3,95.0,2026-03-03T16:10:00+08:00
C2I090,鳳凰,南投縣鹿谷鄉,23.729722,120.779167,TWD67,23.728081,120.787347,WGS84,852.4374686448991,17.5,100.0,2026-03-03T16:10:00+08:00
C2F860,梨山,臺中市和平區,24.245,121.237667,TWD67,24.247522,121.243669,WGS84,670.0300348334279,10.9,100.0,2026-03-03T16:10:00+08:00
C2K240,草嶺,雲林縣古坑鄉,23.597319,120.685342,TWD67,23.59555,120.693461,WGS84,850.3701480385578,17.1,100.0,2026-03-03T16:10:00+08:00
C2E520,大湖,苗栗縣大湖鄉,24.4167,120.862694,TWD67,24.414939,120.870872,WGS84,850.8667267132508,14.9,95.0,2026-03-03T16:10:00+08:00
C2F000,大肚,臺中市大肚區,24.154667,120.564,TWD67,24.15295,120.572117,WGS84,845.3904166781343,16.5,84.0,2026-03-03T16:10:00+08:00
C2E540,龍溪,苗栗縣後龍鎮,24.608056,120.775556,TWD67,24.606489,120.783933,WGS84,864.6249010653264,16.7,80.0,2026-03-03T16:10:00+08:00
C2F930,大甲,臺中市大甲區,24.349917,120.632361,TWD67,24.347667,120.640403,WGS84,852.2407639235547,17.4,77.0,2026-03-03T16:10:00+08:00
C2G870,芳苑,彰化縣芳苑鄉,23.924,120.311861,TWD67,23.922303,120.320025,WGS84,850.9913311622734,18.7,79.0,2026-03-03T16:10:00+08:00
C2G640,鹿港,彰化縣鹿港鎮,24.076944,120.422222,TWD67,24.0753,120.430481,WGS84,858.1620043095315,18.2,78.0,2026-03-03T16:10:00+08:00
C2M910,嘉義大學,嘉義市東區,23.473087,120.477795,TWD67,23.471325,120.485903,WGS84,849.8592663878666,18.8,88.0,2026-03-03T16:10:00+08:00
C2O950,安南,臺南市安南區,23.078333,120.136667,TWD67,23.076694,120.144861,WGS84,857.8021119991056,21.1,81.0,2026-03-03T16:10:00+08:00
C2M410,馬頭山,嘉義縣大埔鄉,23.326389,120.573611,TWD67,23.324361,120.582017,WGS84,887.4410176163503,22.9,88.0,2026-03-03T16:10:00+08:00
C2O810,曾文,臺南市楠西區,23.221472,120.489222,TWD67,23.219681,120.497328,WGS84,851.9353106322387,21.4,90.0,2026-03-03T16:10:00+08:00
C2O930,玉井,臺南市玉井區,23.127833,120.452472,TWD67,23.126042,120.46055,WGS84,849.715182992444,21.4,89.0,2026-03-03T16:10:00+08:00
C2V260,月眉,高雄市杉林區,22.972778,120.531778,TWD67,22.971003,120.539853,WGS84,849.9268788677865,23.9,89.0,2026-03-03T16:10:00+08:00
C2V250,甲仙,高雄市甲仙區,23.081667,120.5825,TWD67,23.080106,120.591758,WGS84,962.8133899633864,22.5,91.0,2026-03-03T16:10:00+08:00
C2N160,西拉雅風管處,臺南市官田區,23.191241,120.327209,TWD67,23.189481,120.335297,WGS84,849.5279879494392,19.9,87.0,2026-03-03T16:10:00+08:00
C2A920,富貴角,新北市石門區,25.265556,121.557278,TWD67,25.263783,121.565258,WGS84,826.3212400489422,13.5,95.0,2026-03-03T16:10:00+08:00
C2A880,福隆,新北市貢寮區,25.019167,121.934167,TWD67,25.017842,121.942083,WGS84,811.1223171743667,15.8,91.0,2026-03-03T16:10:00+08:00
C2A540,四堵,新北市坪林區,24.894394,121.737519,TWD67,24.8926,121.745736,WGS84,852.4684240607623,13.1,97.0,2026-03-03T16:10:00+08:00
C2A560,福山,新北市烏來區,24.778333,121.494583,TWD67,24.776203,121.502811,WGS84,863.7934619953603,14.2,95.0,2026-03-03T16:10:00+08:00
C2D720,關西工作站,新竹縣關西鎮,24.759045,121.176589,TWD67,24.757275,121.184792,WGS84,851.3541303460889,15.2,88.0,2026-03-03T16:10:00+08:00
C2D730,寶山農場,新竹縣寶山鄉,24.734205,120.967953,TWD67,24.732444,120.976153,WGS84,850.989539683905,17.2,77.0,2026-03-03T16:10:00+08:00
C2H9K0,屯原,南投縣仁愛鄉,24.069754,121.201235,TWD67,24.067969,121.209389,WGS84,851.3140352723194,11.9,100.0,2026-03-03T16:10:00+08:00
C2G980,田頭村,彰化縣竹塘鄉,23.828053,120.436042,TWD67,23.8263,120.444175,WGS84,849.9233736217142,16.8,95.0,2026-03-03T16:10:00+08:00
C2K610,草嶺石壁,雲林縣古坑鄉,23.604239,120.699612,TWD67,23.602469,120.707731,WGS84,850.3534119723862,18.6,88.0,2026-03-03T16:10:00+08:00
C2F990,摩天嶺,臺中市和平區,24.324225,120.928649,TWD67,24.322458,120.936819,WGS84,850.8210729539676,16.8,100.0,2026-03-03T16:10:00+08:00
C2M920,朴子農改,嘉義縣朴子市,23.47164,120.251277,TWD67,23.469889,120.259383,WGS84,849.3883520740732,18.2,87.0,2026-03-03T16:10:00+08:00
C2M620,瑞里,嘉義縣梅山鄉,23.546903,120.667039,TWD67,23.545133,120.675197,WGS84,854.5730953374315,16.8,99.0,2026-03-03T16:10:00+08:00
C2A660,瑞芳,新北市瑞芳區,25.114861,121.792639,TWD67,25.113169,121.801147,WGS84,877.0298551380079,14.5,94.0,2026-03-03T16:10:00+08:00
C2A650,火燒寮,新北市平溪區,25.004411,121.734572,TWD67,25.002719,121.742892,WGS84,859.288715589947,13.2,98.0,2026-03-03T16:10:00+08:00
C2H9W0,大坪頂農水,南投縣埔里鎮,24.044894,120.92463,TWD67,24.043122,120.932781,WGS84,850.8377756700074,18.4,99.0,2026-03-03T16:10:00+08:00
C2K620,馬光農場,雲林縣虎尾鎮,23.723205,120.370739,TWD67,23.721453,120.378864,WGS84,849.754561572092,16.6,94.0,2026-03-03T16:10:00+08:00
C2FB50,出雲,臺中市和平區,24.208236,120.894632,TWD67,24.206469,120.902794,WGS84,850.7670309765045,16.2,98.0,2026-03-03T16:10:00+08:00
C2FB60,頭櫃山,臺中市新社區,24.131608,120.850769,TWD67,24.129842,120.858925,WGS84,850.6324732915302,16.6,99.0,2026-03-03T16:10:00+08:00
C2H9D0,三隻寮,南投縣國姓鄉,24.094845,120.853424,TWD67,24.093078,120.861578,WGS84,850.6919228589295,18.6,99.0,2026-03-03T16:10:00+08:00
C2H9E0,國姓南港,南投縣國姓鄉,23.912878,120.838415,TWD67,23.911108,120.846556,WGS84,850.6230086002563,15.8,100.0,2026-03-03T16:10:00+08:00
C2H9F0,柑林,南投縣國姓鄉,24.020426,120.838924,TWD67,24.018658,120.847072,WGS84,850.5917789297835,18.0,95.0,2026-03-03T16:10:00+08:00
C2H9G0,百勝,南投縣國姓鄉,24.052912,120.90121,TWD67,24.051142,120.909361,WGS84,850.73601228233,17.8,99.0,2026-03-03T16:10:00+08:00
C2M930,石卓,嘉義縣竹崎鄉,23.480516,120.694154,TWD67,23.478744,120.702264,WGS84,850.2694557064759,15.0,100.0,2026-03-03T16:10:00+08:00
C2M940,日野賀,嘉義縣阿里山鄉,23.435829,120.719062,TWD67,23.434056,120.727169,WGS84,850.2698510241512,18.2,94.0,2026-03-03T16:10:00+08:00
C2M950,太和,嘉義縣梅山鄉,23.540143,120.694847,TWD67,23.538372,120.702961,WGS84,850.2761906461832,16.7,87.0,2026-03-03T16:10:00+08:00
C2K630,荷苞,雲林縣古坑鄉,23.65948,120.587023,TWD67,23.657717,120.595144,WGS84,850.0322856960594,17.9,91.0,2026-03-03T16:10:00+08:00
C2H9H0,苗改南投蜂場,南投縣名間鄉,23.854353,120.685345,TWD67,23.852589,120.693481,WGS84,850.3383641940469,18.1,90.0,2026-03-03T16:10:00+08:00
C2G9A0,畜試所彰化,彰化縣北斗鎮,23.862208,120.549828,TWD67,23.86045,120.557964,WGS84,850.1358767061852,17.7,90.0,2026-03-03T16:10:00+08:00
C2E970,八甲,苗栗縣苗栗市,24.537566,120.787798,TWD67,24.535811,120.795983,WGS84,850.629026077117,16.5,79.0,2026-03-03T16:10:00+08:00
C2H9J0,中台,南投縣埔里鎮,24.001373,120.930591,TWD67,23.9996,120.938739,WGS84,850.839720626195,19.6,98.0,2026-03-03T16:10:00+08:00
C2H9L0,馬烈霸,南投縣仁愛鄉,24.152982,121.193613,TWD67,24.1512,121.201772,WGS84,851.20645057762,12.5,99.0,2026-03-03T16:10:00+08:00
C2H9M0,發祥,南投縣仁愛鄉,24.155875,121.156357,TWD67,24.154094,121.164517,WGS84,851.2610147005125,16.4,96.0,2026-03-03T16:10:00+08:00
C2H9N0,仁愛東眼,南投縣仁愛鄉,24.028656,121.112349,TWD67,24.026875,121.1205,WGS84,851.1718678720491,15.1,100.0,2026-03-03T16:10:00+08:00
C2H9P0,伊拿谷,南投縣仁愛鄉,23.964991,121.080118,TWD67,23.963211,121.088264,WGS84,851.0502114260621,18.2,95.0,2026-03-03T16:10:00+08:00
C2H9Q0,北東眼山,南投縣仁愛鄉,24.122721,121.181145,TWD67,24.120939,121.189303,WGS84,851.2983094355662,12.8,99.0,2026-03-03T16:10:00+08:00
C2H9R0,卓社,南投縣仁愛鄉,23.889672,120.991946,TWD67,23.887894,121.000086,WGS84,850.8748890412772,15.7,100.0,2026-03-03T16:10:00+08:00
C2H9S0,龍南,南投縣國姓鄉,23.955305,120.825039,TWD67,23.953536,120.833183,WGS84,850.6293148734106,16.8,100.0,2026-03-03T16:10:00+08:00
C2R970,屏科大,屏東縣內埔鄉,22.65006,120.611193,TWD67,22.648275,120.619247,WGS84,849.9968533095632,25.3,81.0,2026-03-03T16:10:00+08:00
C2H9T0,名間竹圍,南投縣名間鄉,23.861675,120.629436,TWD67,23.859914,120.637572,WGS84,850.2159655483505,16.9,94.0,2026-03-03T16:10:00+08:00
C2H9U0,鳳鵬,南投縣鹿谷鄉,23.76569,120.779931,TWD67,23.763919,120.788061,WGS84,850.4740568381025,17.5,99.0,2026-03-03T16:10:00+08:00
CAF010,國一N174K,臺中市西屯區,24.206657,120.647035,TWD67,24.2049,120.6552,WGS84,850.8169909062912,17.2,87.0,2026-03-03T16:10:00+08:00
CAG010,國一N198K,彰化縣彰化市,24.065639,120.514899,TWD67,24.063889,120.523056,WGS84,850.7373367098628,18.2,81.0,2026-03-03T16:10:00+08:00
CAJ020,國一N234K,雲林縣西螺鎮,23.748078,120.459788,TWD67,23.74633,120.467926,WGS84,850.78710938788,16.7,93.0,2026-03-03T16:10:00+08:00
CAL010,國一N250K,嘉義縣大林鎮,23.612038,120.428737,TWD67,23.610292,120.436867,WGS84,850.782865356085,18.3,96.0,2026-03-03T16:10:00+08:00
CAD010,國一S105K,新竹縣寶山鄉,24.728088,120.932448,TWD67,24.726316,120.940643,WGS84,850.8201968339331,17.5,83.0,2026-03-03T16:10:00+08:00
CAE020,國一S114K,苗栗縣頭份市,24.670593,120.877616,TWD67,24.668836,120.885811,WGS84,850.8072951512761,17.7,74.0,2026-03-03T16:10:00+08:00
CAE030,國一S123K,苗栗縣頭屋鄉,24.597708,120.852523,TWD67,24.59594,120.86071,WGS84,850.7721574848987,16.7,77.0,2026-03-03T16:10:00+08:00
CAE040,國一S132K,苗栗縣公館鄉,24.526272,120.812648,TWD67,24.524506,120.820831,WGS84,850.7861134267217,17.0,78.0,2026-03-03T16:10:00+08:00
CAE050,國一S152K,苗栗縣三義鄉,24.377254,120.74101,TWD67,24.375492,120.749184,WGS84,850.7497228301413,15.1,88.0,2026-03-03T16:10:00+08:00
CAF020,國一S162K,臺中市后里區,24.297293,120.687806,TWD67,24.295534,120.695976,WGS84,850.787144899723,16.3,83.0,2026-03-03T16:10:00+08:00
CAF030,國一S169K,臺中市神岡區,24.238875,120.680105,TWD67,24.237116,120.688271,WGS84,850.7629243900958,17.3,88.0,2026-03-03T16:10:00+08:00
CAF040,國一S188K,臺中市大肚區,24.120299,120.577587,TWD67,24.118546,120.585747,WGS84,850.7662521271767,18.2,78.0,2026-03-03T16:10:00+08:00
CAG030,國一S207K,彰化縣大村鄉,23.990053,120.499939,TWD67,23.988304,120.508092,WGS84,850.7906043477977,17.8,86.0,2026-03-03T16:10:00+08:00
CAE060,國三N119K,苗栗縣竹南鎮,24.677199,120.839196,TWD67,24.675432,120.847389,WGS84,850.8240576117444,17.3,82.0,2026-03-03T16:10:00+08:00
CAE070,國三N151K,苗栗縣苑裡鎮,24.441976,120.673477,TWD67,24.440218,120.681656,WGS84,850.727067804651,17.3,75.0,2026-03-03T16:10:00+08:00
CAG040,國三N191K,彰化縣和美鎮,24.141006,120.513338,TWD67,24.139256,120.5215,WGS84,850.7569341432934,18.0,82.0,2026-03-03T16:10:00+08:00
CAG050,國三N196K,彰化縣彰化市,24.108907,120.546322,TWD67,24.107155,120.554482,WGS84,850.8125259123717,18.1,78.0,2026-03-03T16:10:00+08:00
CAF050,國三N208K,臺中市霧峰區,24.067905,120.652763,TWD67,24.066147,120.660919,WGS84,850.8282236875457,17.2,98.0,2026-03-03T16:10:00+08:00
CAE560,國一S144K,苗栗縣銅鑼鄉,24.438818,120.770016,TWD67,24.437042,120.778219,WGS84,853.5729226394303,15.1,86.0,2026-03-03T16:10:00+08:00
CAF950,國一N158K,臺中市后里區,24.334121,120.708967,TWD67,24.332372,120.717144,WGS84,850.9885407656229,15.8,92.0,2026-03-03T16:10:00+08:00
CAF960,國三S175K,臺中市沙鹿區,24.253246,120.58152,TWD67,24.251494,120.589683,WGS84,850.1971996928504,16.8,78.0,2026-03-03T16:10:00+08:00
CAF980,國三N183K,臺中市龍井區,24.19538,120.562148,TWD67,24.193628,120.570311,WGS84,850.56332240564,17.2,82.0,2026-03-03T16:10:00+08:00
CAH010,國三N223K,南投縣草屯鎮,23.956874,120.654227,TWD67,23.955116,120.662376,WGS84,850.831950075369,17.0,86.0,2026-03-03T16:10:00+08:00
CAJ010,國三N252K,雲林縣林內鄉,23.775877,120.632472,TWD67,23.77412,120.64061,WGS84,850.8441487162579,18.1,100.0,2026-03-03T16:10:00+08:00
CAE080,國三S140K,苗栗縣通霄鎮,24.524106,120.716822,TWD67,24.522345,120.725006,WGS84,850.7702872278886,17.5,74.0,2026-03-03T16:10:00+08:00
CAE090,國三S156K,苗栗縣苑裡鎮,24.399738,120.66131,TWD67,24.39798,120.669487,WGS84,850.7997203124751,17.5,78.0,2026-03-03T16:10:00+08:00
CAF060,國三S168K,臺中市清水區,24.310274,120.606299,TWD67,24.308519,120.614471,WGS84,850.7998076820243,17.0,79.0,2026-03-03T16:10:00+08:00
CAG060,國三S202K,彰化縣彰化市,24.094222,120.595098,TWD67,24.092468,120.603256,WGS84,850.7583048859885,18.7,82.0,2026-03-03T16:10:00+08:00
CAH020,國三S217K,南投縣草屯鎮,24.008587,120.645062,TWD67,24.00683,120.653214,WGS84,850.7794655140992,16.8,99.0,2026-03-03T16:10:00+08:00
CAF090,國四E5K,臺中市神岡區,24.298221,120.634964,TWD67,24.296465,120.643135,WGS84,850.803255308244,16.8,87.0,2026-03-03T16:10:00+08:00
CAA090,國三甲005K,臺北市文山區,25.003726,121.589277,TWD67,25.00194,121.5975,WGS84,852.1335139860541,15.0,97.0,2026-03-03T16:10:00+08:00
CAC020,國二E009K,桃園市桃園區,25.020014,121.265475,TWD67,25.018244,121.273697,WGS84,851.5156302556326,15.8,88.0,2026-03-03T16:10:00+08:00
CAB050,國三N002K,基隆市中山區,25.147619,121.713466,TWD67,25.14583,121.7217,WGS84,852.3416631219235,15.0,93.0,2026-03-03T16:10:00+08:00
CAB030,國三S004K,基隆市七堵區,25.116228,121.680369,TWD67,25.11444,121.6886,WGS84,852.2291592787499,14.4,93.0,2026-03-03T16:10:00+08:00
CAB040,國三S007K,基隆市七堵區,25.098727,121.65957,TWD67,25.09694,121.6678,WGS84,852.2206507843263,14.6,97.0,2026-03-03T16:10:00+08:00
CAA030,國三S010K,新北市汐止區,25.081787,121.639272,TWD67,25.08,121.6475,WGS84,852.1363487411888,14.6,87.0,2026-03-03T16:10:00+08:00
CAA040,國三S016K,臺北市南港區,25.034846,121.607575,TWD67,25.03306,121.6158,WGS84,852.1252177989825,14.6,97.0,2026-03-03T16:10:00+08:00
CAA050,國三S037K,新北市土城區,24.984141,121.462821,TWD67,24.982361,121.471042,WGS84,851.910629198566,14.8,96.0,2026-03-03T16:10:00+08:00
CAA060,國三S042K,新北市土城區,24.961778,121.422381,TWD67,24.96,121.4306,WGS84,851.8093859727583,15.0,94.0,2026-03-03T16:10:00+08:00
CAA070,國三N046K,新北市樹林區,24.952607,121.387582,TWD67,24.95083,121.3958,WGS84,851.7455527155696,15.4,93.0,2026-03-03T16:10:00+08:00
CAA990,國一N039K,新北市泰山區,25.066207,121.373771,TWD67,25.064433,121.381972,WGS84,849.2575693363154,15.0,88.0,2026-03-03T16:10:00+08:00
CAC760,國一高架N063K,桃園市平鎮區,24.952048,121.188097,TWD67,24.950281,121.196314,WGS84,851.393813504885,15.6,87.0,2026-03-03T16:10:00+08:00
CAD710,國三N077K,新竹縣關西鎮,24.799064,121.181827,TWD67,24.797294,121.190033,WGS84,851.3889767065701,14.6,92.0,2026-03-03T16:10:00+08:00
CAC770,國三N072K,桃園市龍潭區,24.838161,121.191163,TWD67,24.836391,121.199371,WGS84,851.3310661815086,13.6,98.0,2026-03-03T16:10:00+08:00
CAAD60,國五S005K,新北市石碇區,24.998202,121.643708,TWD67,24.996414,121.651931,WGS84,852.2216049926722,14.1,88.0,2026-03-03T16:10:00+08:00
CAAD70,國五S006K,新北市石碇區,24.991753,121.64875,TWD67,24.989964,121.656972,WGS84,852.1918393421189,14.1,100.0,2026-03-03T16:10:00+08:00
CAAD80,國五N008K,新北市石碇區,24.985201,121.659868,TWD67,24.982411,121.668089,WGS84,884.768600159089,14.0,98.0,2026-03-03T16:10:00+08:00
CAAD90,國五N013K,新北市坪林區,24.949395,121.697289,TWD67,24.947603,121.705508,WGS84,852.2531164783902,13.6,98.0,2026-03-03T16:10:00+08:00
CAUB30,國五S031K,宜蘭縣礁溪鄉,24.820942,121.774168,TWD67,24.819144,121.782378,WGS84,852.3645023146503,15.6,96.0,2026-03-03T16:10:00+08:00
CAUB40,國五S041K,宜蘭縣壯圍鄉,24.736563,121.773719,TWD67,24.734764,121.781922,WGS84,852.2511084928522,15.9,94.0,2026-03-03T16:10:00+08:00
CAUB50,國五S047K,宜蘭縣羅東鎮,24.677257,121.786384,TWD67,24.675456,121.794583,WGS84,852.2940587580168,15.6,92.0,2026-03-03T16:10:00+08:00
CAA080,國三S054K,新北市鶯歌區,24.940943,121.315683,TWD67,24.93917,121.3239,WGS84,851.6207074546143,15.5,90.0,2026-03-03T16:10:00+08:00
CAC030,國三N063K,桃園市大溪區,24.891285,121.255387,TWD67,24.889514,121.2636,WGS84,851.5012781514787,14.1,94.0,2026-03-03T16:10:00+08:00
CAD080,國三N085K,新竹縣關西鎮,24.785096,121.112895,TWD67,24.78333,121.1211,WGS84,851.2787833960456,15.3,90.0,2026-03-03T16:10:00+08:00
CAD090,國三S103K,新竹市東區,24.76037,120.952631,TWD67,24.75861,120.9608,WGS84,847.7484015338763,16.3,86.0,2026-03-03T16:10:00+08:00
CAB010,國一S001K,基隆市安樂區,25.11762,121.720369,TWD67,25.11583,121.7286,WGS84,852.2718975399841,15.1,91.0,2026-03-03T16:10:00+08:00
CAB020,國一S006K,基隆市七堵區,25.088729,121.678671,TWD67,25.08694,121.6869,WGS84,852.2404659679607,15.0,95.0,2026-03-03T16:10:00+08:00
CAA010,國一N013K,新北市汐止區,25.068524,121.619925,TWD67,25.066739,121.628153,WGS84,852.1717964991321,15.1,95.0,2026-03-03T16:10:00+08:00
CAA020,國一S026K,新北市三重區,25.078169,121.488172,TWD67,25.07639,121.4964,WGS84,851.9531486676772,16.3,83.0,2026-03-03T16:10:00+08:00
CAC010,國一S072K,桃園市楊梅區,24.897595,121.125987,TWD67,24.89583,121.1342,WGS84,851.3060146601993,15.1,87.0,2026-03-03T16:10:00+08:00
CAD020,國一N077K,新竹縣湖口鄉,24.886763,121.080688,TWD67,24.885,121.0889,WGS84,851.2273230372084,15.6,87.0,2026-03-03T16:10:00+08:00
CAD030,國一S082K,新竹縣湖口鄉,24.878431,121.038489,TWD67,24.87667,121.0467,WGS84,851.1323283696414,15.0,88.0,2026-03-03T16:10:00+08:00
CAD040,國一S088K,新竹縣竹北市,24.8462,121.013191,TWD67,24.84444,121.0214,WGS84,851.1204988746824,16.2,88.0,2026-03-03T16:10:00+08:00
CAD050,國一N094K,新竹市東區,24.799541,121.000695,TWD67,24.79778,121.0089,WGS84,851.0568264329204,17.0,76.0,2026-03-03T16:10:00+08:00
CAD060,國一S098K,新竹縣寶山鄉,24.762369,120.982894,TWD67,24.76056,120.9911,WGS84,852.6400543675168,17.0,81.0,2026-03-03T16:10:00+08:00
CAL020,國一S262K,嘉義縣民雄鄉,23.51409,120.394928,TWD67,23.512333,120.403038,WGS84,849.6794052924346,18.1,96.0,2026-03-03T16:10:00+08:00
CAL030,國一N268K,嘉義縣水上鄉,23.46259,120.367726,TWD67,23.460833,120.375833,WGS84,849.6959937624682,18.2,95.0,2026-03-03T16:10:00+08:00
CAL040,國一N273K,嘉義縣水上鄉,23.418417,120.346896,TWD67,23.416666,120.355,WGS84,849.513958506773,18.2,97.0,2026-03-03T16:10:00+08:00
CAN010,國一N288K,臺南市新營區,23.307846,120.281937,TWD67,23.30609,120.290033,WGS84,849.5176051819195,19.1,90.0,2026-03-03T16:10:00+08:00
CAN020,國一S306K,臺南市麻豆區,23.154587,120.222474,TWD67,23.152831,120.230558,WGS84,849.2479519152912,19.3,83.0,2026-03-03T16:10:00+08:00
CAN040,國一N323K,臺南市永康區,23.01355,120.241377,TWD67,23.011789,120.249453,WGS84,849.4234134489809,20.3,93.0,2026-03-03T16:10:00+08:00
CAP010,國一S342K,高雄市路竹區,22.847321,120.286935,TWD67,22.845555,120.295,WGS84,849.4426576946815,21.5,95.0,2026-03-03T16:10:00+08:00
CAP020,國一S346K,高雄市岡山區,22.81399,120.306103,TWD67,22.812222,120.314166,WGS84,849.491593005392,22.0,91.0,2026-03-03T16:10:00+08:00
CAP030,國一N351K,高雄市橋頭區,22.767602,120.320828,TWD67,22.765833,120.328888,WGS84,849.491631404996,-99.0,-99.0,2026-03-03T16:10:00+08:00
CAP040,國一N361K,高雄市仁武區,22.682326,120.320557,TWD67,22.680555,120.328611,WGS84,849.4455978510177,24.7,83.0,2026-03-03T16:10:00+08:00
CAL050,國三N279K,嘉義縣大林鎮,23.597872,120.515216,TWD67,23.596111,120.523333,WGS84,849.9630870443252,18.0,95.0,2026-03-03T16:10:00+08:00
CAL070,國三N295K,嘉義市東區,23.470361,120.491261,TWD67,23.468598,120.499369,WGS84,849.90153451017,17.6,97.0,2026-03-03T16:10:00+08:00
CAM900,國三S290K,嘉義縣竹崎鄉,23.505867,120.482631,TWD67,23.504106,120.490742,WGS84,849.9312596947639,18.1,96.0,2026-03-03T16:10:00+08:00
CAV270,國一S336K,高雄市路竹區,22.89593,120.263097,TWD67,22.894167,120.271178,WGS84,850.6726448851408,21.5,89.0,2026-03-03T16:10:00+08:00
CAN150,國一N315K,臺南市新市區,23.08526,120.24383,TWD67,23.0835,120.251897,WGS84,848.0737977094451,20.2,90.0,2026-03-03T16:10:00+08:00
CAV280,國三S378K,高雄市田寮區,22.82773,120.407455,TWD67,22.825958,120.415519,WGS84,849.613226858428,23.0,94.0,2026-03-03T16:10:00+08:00
CAL080,國三N303K,嘉義縣中埔鄉,23.413742,120.444389,TWD67,23.411969,120.452447,WGS84,845.5412932679633,18.3,97.0,2026-03-03T16:10:00+08:00
CAN060,國三S311K,臺南市白河區,23.34815,120.430789,TWD67,23.346388,120.438888,WGS84,849.7252348221473,18.2,89.0,2026-03-03T16:10:00+08:00
CAN070,國三S329K,臺南市官田區,23.214538,120.347743,TWD67,23.212777,120.355833,WGS84,849.6123058080476,18.7,97.0,2026-03-03T16:10:00+08:00
CAN080,國三N336K,臺南市官田區,23.156484,120.336914,TWD67,23.154722,120.345,WGS84,849.5891874370982,19.1,100.0,2026-03-03T16:10:00+08:00
CAN090,國三S342K,臺南市善化區,23.108456,120.319446,TWD67,23.106694,120.327528,WGS84,849.4792204112608,19.2,89.0,2026-03-03T16:10:00+08:00
CAN100,國三S366K,臺南市關廟區,22.909476,120.343284,TWD67,22.9077,120.3513,WGS84,844.4521364619101,21.1,89.0,2026-03-03T16:10:00+08:00
CAP060,國三S385K,高雄市大樹區,22.769552,120.436379,TWD67,22.767777,120.444444,WGS84,850.133536458511,24.8,82.0,2026-03-03T16:10:00+08:00
CAQ020,國三S415K,屏東縣竹田鄉,22.569782,120.519952,TWD67,22.568,120.528,WGS84,849.7890104352502,24.6,78.0,2026-03-03T16:10:00+08:00
CAQ010,國三N425K,屏東縣南州鄉,22.482061,120.523624,TWD67,22.480277,120.531666,WGS84,849.7518313324757,24.8,84.0,2026-03-03T16:10:00+08:00
CAJ040,西濱S241K,雲林縣口湖鄉,23.625171,120.164529,TWD67,23.623426,120.172646,WGS84,849.3872448353231,-99.0,-99.0,2026-03-03T16:10:00+08:00
CAL100,西濱S267K,嘉義縣東石鄉,23.417568,120.15477,TWD67,23.41613,120.162872,WGS84,842.0226499074221,18.4,84.0,2026-03-03T16:10:00+08:00
CAC050,西濱S023K,桃園市蘆竹區,25.118258,121.26728,TWD67,25.11649,121.27551,WGS84,851.6016718793576,16.1,84.0,2026-03-03T16:10:00+08:00
CAC060,西濱S032K,桃園市大園區,25.09373,121.184277,TWD67,25.091966,121.192505,WGS84,851.4648538566308,-99.0,-99.0,2026-03-03T16:10:00+08:00
CAD100,西濱N066K,新竹縣新豐鄉,24.897357,120.956688,TWD67,24.8956,120.9649,WGS84,851.0047371549332,16.6,81.0,2026-03-03T16:10:00+08:00
CAD110,西濱S082K,新竹市香山區,24.753481,120.896827,TWD67,24.751724,120.905028,WGS84,850.8606112062082,17.2,77.0,2026-03-03T16:10:00+08:00
CAE100,西濱N107K,苗栗縣後龍鎮,24.597551,120.731211,TWD67,24.5958,120.7394,WGS84,850.5351366001014,17.2,79.0,2026-03-03T16:10:00+08:00
CAE110,西濱S129K,苗栗縣苑裡鎮,24.44895,120.634622,TWD67,24.4472,120.6428,WGS84,850.3799462754879,18.1,72.0,2026-03-03T16:10:00+08:00
CAF100,西濱N151K,臺中市清水區,24.277713,120.539516,TWD67,24.275964,120.547681,WGS84,850.1630988217129,18.1,74.0,2026-03-03T16:10:00+08:00
CAG070,西濱S173K,彰化縣鹿港鎮,24.109847,120.426423,TWD67,24.1081,120.434576,WGS84,849.9877787953079,17.8,81.0,2026-03-03T16:10:00+08:00
CAG080,西濱S189K,彰化縣芳苑鄉,23.989603,120.361463,TWD67,23.987857,120.369607,WGS84,849.8270611289346,18.1,77.0,2026-03-03T16:10:00+08:00
CAG090,西濱N210K,彰化縣大城鄉,23.845282,120.285103,TWD67,23.843536,120.293236,WGS84,849.6381881238106,18.4,77.0,2026-03-03T16:10:00+08:00
CAJ030,西濱N222K,雲林縣麥寮鄉,23.73948,120.248007,TWD67,23.737734,120.256132,WGS84,849.5012932342419,18.4,78.0,2026-03-03T16:10:00+08:00
CAL090,西濱S257K,嘉義縣東石鄉,23.504025,120.163753,TWD67,23.502278,120.171861,WGS84,849.2873694537055,18.4,83.0,2026-03-03T16:10:00+08:00
CAN110,西濱S280K,臺南市北門區,23.30695,120.140816,TWD67,23.3052,120.14891,WGS84,849.1711005038976,19.1,84.0,2026-03-03T16:10:00+08:00
CAN120,西濱N304K,臺南市七股區,23.10519,120.078614,TWD67,23.103439,120.086694,WGS84,849.018378509009,19.6,87.0,2026-03-03T16:10:00+08:00
